<?xml version="1.0" encoding="UTF-8"?>
<project-private xmlns="http://www.netbeans.org/ns/project-private/1">
    <editor-bookmarks xmlns="http://www.netbeans.org/ns/editor-bookmarks/2" lastBookmarkId="0"/>
    <open-files xmlns="http://www.netbeans.org/ns/projectui-open-files/2">
        <group>
            <file>file:/C:/Users/DUSHAN%20YASIRU/Desktop/seat%20booking%20dushan/src/seat_booking_system_for_theator/diamond-icon-7.jpg</file>
            <file>file:/C:/Users/DUSHAN%20YASIRU/Desktop/seat%20booking%20dushan/src/seat_booking_system_for_theator/admin_login.java</file>
            <file>file:/C:/Users/DUSHAN%20YASIRU/Desktop/seat%20booking%20dushan/src/seat_booking_system_for_theator/Adminn.java</file>
            <file>file:/C:/Users/DUSHAN%20YASIRU/Desktop/seat%20booking%20dushan/src/seat_booking_system_for_theator/main_menu.java</file>
            <file>file:/C:/Users/DUSHAN%20YASIRU/Desktop/seat%20booking%20dushan/src/seat_booking_system_for_theator/Admin.java</file>
            <file>file:/C:/Users/DUSHAN%20YASIRU/Desktop/seat%20booking%20dushan/src/seat_booking_system_for_theator/Seat_booking_system_for_theator.java</file>
            <file>file:/C:/Users/DUSHAN%20YASIRU/Desktop/seat%20booking%20dushan/src/seat_booking_system_for_theator/seat_count.java</file>
            <file>file:/C:/Users/DUSHAN%20YASIRU/Desktop/seat%20booking%20dushan/src/seat_booking_system_for_theator/password_reset.java</file>
        </group>
    </open-files>
</project-private>
